Date,Description,Amount,Balance
2026-04-01,MERCHANT BANKCARD DEP,834.17,38834.17
2026-04-01,DEPOSIT,834.17,39668.34
2026-04-01,RENT - OAK STREET PROPERTIES,-4522.77,35145.57
2026-04-02,CLOVER SETTLEMENT,672.92,35818.49
2026-04-02,CLOVER SETTLEMENT,672.92,36491.41
2026-04-02,SALLY BEAUTY,-1566.78,34924.63
2026-04-03,STRIPE TRANSFER ST-3484,1898.94,36823.57
2026-04-03,ADP PAYROLL,-3655.82,33167.75
2026-04-03,COMCAST BUSINESS,-259.93,32907.82
2026-04-06,MERCHANT BANKCARD DEP,1114.92,34022.74
2026-04-06,CLOVER SETTLEMENT,1114.92,35137.66
2026-04-07,MERCHANT BANKCARD DEP,2034.92,37172.58
2026-04-07,HOME DEPOT,-1566.78,35605.80
2026-04-07,STAPLES,-259.93,35345.87
2026-04-08,MOBILE DEPOSIT,1992.92,37338.79
2026-04-08,STAPLES,-259.93,37078.86
2026-04-09,DEPOSIT,2190.30,39269.16
2026-04-09,COSTCO WHSE,-1566.78,37702.38
2026-04-09,SHELL OIL,-259.93,37442.45
2026-04-10,MERCHANT BANKCARD DEP,2382.63,39825.08
2026-04-10,ADP PAYROLL,-3655.82,36169.26
2026-04-10,STAPLES,-259.93,35909.33
2026-04-13,SQUARE INC DEP,1106.32,37015.65
2026-04-13,CLOVER SETTLEMENT,1106.32,38121.97
2026-04-14,CLOVER SETTLEMENT,1963.33,40085.30
2026-04-14,SYSCO FOODS,-1566.78,38518.52
2026-04-15,MERCHANT BANKCARD DEP,2035.15,40553.67
2026-04-15,NATIONAL GRID UTILITY,-1356.83,39196.84
2026-04-15,GOOGLE ADS,-259.93,38936.91
2026-04-16,MERCHANT BANKCARD DEP,1218.00,40154.91
2026-04-16,SQUARE INC DEP,1218.00,41372.91
2026-04-16,NAPA AUTO PARTS,-1566.78,39806.13
2026-04-16,GOOGLE ADS,-259.93,39546.20
2026-04-17,DEPOSIT,1894.93,41441.13
2026-04-17,ADP PAYROLL,-3655.82,37785.31
2026-04-20,SQUARE INC DEP,936.53,38721.84
2026-04-20,DEPOSIT,936.53,39658.37
2026-04-20,COMCAST BUSINESS,-259.93,39398.44
2026-04-21,MERCHANT BANKCARD DEP,1276.37,40674.81
2026-04-21,MERCHANT BANKCARD DEP,1276.37,41951.18
2026-04-21,SYSCO FOODS,-1566.78,40384.40
2026-04-22,MERCHANT BANKCARD DEP,1115.67,41500.07
2026-04-22,MERCHANT BANKCARD DEP,1115.67,42615.74
2026-04-23,MERCHANT BANKCARD DEP,1155.79,43771.53
2026-04-23,DEPOSIT,1155.79,44927.32
2026-04-23,COSTCO WHSE,-1566.78,43360.54
2026-04-23,SHELL OIL,-259.93,43100.61
2026-04-24,DEPOSIT,2288.80,45389.41
2026-04-24,ADP PAYROLL,-3655.82,41733.59
2026-04-24,GOOGLE ADS,-259.93,41473.66
2026-04-27,MERCHANT BANKCARD DEP,2262.20,43735.86
2026-04-28,STRIPE TRANSFER ST-1828,1028.34,44764.20
2026-04-28,MERCHANT BANKCARD DEP,1028.34,45792.54
2026-04-28,NAPA AUTO PARTS,-1566.78,44225.76
2026-04-28,GOOGLE ADS,-259.93,43965.83
2026-04-28,ONLINE TRANSFER TO SAV 4821,-2000.00,41965.83
2026-04-29,CLOVER SETTLEMENT,2011.94,43977.77
2026-04-30,SQUARE INC DEP,956.53,44934.30
2026-04-30,CLOVER SETTLEMENT,956.53,45890.83
2026-04-30,NAPA AUTO PARTS,-1566.78,44324.05
2026-04-30,GOOGLE ADS,-259.93,44064.12
2026-05-01,MERCHANT BANKCARD DEP,1337.78,45401.90
2026-05-01,MOBILE DEPOSIT,1337.78,46739.68
2026-05-01,RENT - OAK STREET PROPERTIES,-4616.02,42123.66
2026-05-01,ADP PAYROLL,-3731.20,38392.46
2026-05-04,STRIPE TRANSFER ST-6364,2179.08,40571.54
2026-05-04,COMCAST BUSINESS,-265.29,40306.25
2026-05-05,CLOVER SETTLEMENT,2381.20,42687.45
2026-05-05,HOME DEPOT,-1599.08,41088.37
2026-05-06,MERCHANT BANKCARD DEP,1841.84,42930.21
2026-05-06,GOOGLE ADS,-265.29,42664.92
2026-05-07,MOBILE DEPOSIT,1600.84,44265.76
2026-05-07,HOME DEPOT,-1599.08,42666.68
2026-05-08,SQUARE INC DEP,2342.11,45008.79
2026-05-08,ADP PAYROLL,-3731.20,41277.59
2026-05-11,MERCHANT BANKCARD DEP,2304.03,43581.62
2026-05-12,SQUARE INC DEP,2144.52,45726.14
2026-05-12,COSTCO WHSE,-1599.08,44127.06
2026-05-12,SHELL OIL,-265.29,43861.77
2026-05-13,MERCHANT BANKCARD DEP,1211.17,45072.94
2026-05-13,MOBILE DEPOSIT,1211.17,46284.11
2026-05-14,MOBILE DEPOSIT,1991.11,48275.22
2026-05-14,HOME DEPOT,-1599.08,46676.14
2026-05-14,SHELL OIL,-265.29,46410.85
2026-05-15,DEPOSIT,1175.48,47586.33
2026-05-15,DEPOSIT,1175.48,48761.81
2026-05-15,NATIONAL GRID UTILITY,-1384.81,47377.00
2026-05-15,ADP PAYROLL,-3731.20,43645.80
2026-05-18,MOBILE DEPOSIT,1100.83,44746.63
2026-05-18,STRIPE TRANSFER ST-9844,1100.83,45847.46
2026-05-18,GOOGLE ADS,-265.29,45582.17
2026-05-19,CLOVER SETTLEMENT,1195.58,46777.75
2026-05-19,CLOVER SETTLEMENT,1195.58,47973.33
2026-05-19,NAPA AUTO PARTS,-1599.08,46374.25
2026-05-19,SHELL OIL,-265.29,46108.96
2026-05-20,MERCHANT BANKCARD DEP,1310.55,47419.51
2026-05-20,MERCHANT BANKCARD DEP,1310.55,48730.06
2026-05-20,GOOGLE ADS,-265.29,48464.77
2026-05-21,SQUARE INC DEP,2411.61,50876.38
2026-05-21,NAPA AUTO PARTS,-1599.08,49277.30
2026-05-21,SHELL OIL,-265.29,49012.01
2026-05-22,MERCHANT BANKCARD DEP,1173.07,50185.08
2026-05-22,CLOVER SETTLEMENT,1173.07,51358.15
2026-05-22,ADP PAYROLL,-3731.20,47626.95
2026-05-25,STRIPE TRANSFER ST-5534,823.60,48450.55
2026-05-25,DEPOSIT,823.60,49274.15
2026-05-25,COMCAST BUSINESS,-265.29,49008.86
2026-05-26,MERCHANT BANKCARD DEP,2340.52,51349.38
2026-05-26,SYSCO FOODS,-1599.08,49750.30
2026-05-26,STAPLES,-265.29,49485.01
2026-05-27,MOBILE DEPOSIT,2188.82,51673.83
2026-05-28,MOBILE DEPOSIT,1913.65,53587.48
2026-05-28,SALLY BEAUTY,-1599.08,51988.40
2026-05-28,STAPLES,-265.29,51723.11
2026-05-28,ONLINE TRANSFER TO SAV 4821,-2000.00,49723.11
2026-05-29,MOBILE DEPOSIT,1258.99,50982.10
2026-05-29,SQUARE INC DEP,1258.99,52241.09
2026-05-29,ADP PAYROLL,-3731.20,48509.89
2026-06-01,CLOVER SETTLEMENT,1081.46,49591.35
2026-06-01,MOBILE DEPOSIT,1081.46,50672.81
2026-06-01,RENT - OAK STREET PROPERTIES,-4662.65,46010.16
2026-06-02,STRIPE TRANSFER ST-3883,2285.92,48296.08
2026-06-02,COSTCO WHSE,-1615.24,46680.84
2026-06-03,CLOVER SETTLEMENT,1921.22,48602.06
2026-06-04,SQUARE INC DEP,1228.75,49830.81
2026-06-04,SQUARE INC DEP,1228.75,51059.56
2026-06-04,HOME DEPOT,-1615.24,49444.32
2026-06-04,GOOGLE ADS,-267.97,49176.35
2026-06-05,STRIPE TRANSFER ST-7443,1770.36,50946.71
2026-06-05,ADP PAYROLL,-3768.89,47177.82
2026-06-08,MOBILE DEPOSIT,1189.39,48367.21
2026-06-08,MERCHANT BANKCARD DEP,1189.39,49556.60
2026-06-08,COMCAST BUSINESS,-267.97,49288.63
2026-06-09,CLOVER SETTLEMENT,1094.71,50383.34
2026-06-09,MOBILE DEPOSIT,1094.71,51478.05
2026-06-09,ULINE,-1615.24,49862.81
2026-06-09,STAPLES,-267.97,49594.84
2026-06-10,DEPOSIT,1920.26,51515.10
2026-06-10,REFUND AMAZON MKTP,45.99,51561.09
2026-06-10,SHELL OIL,-267.97,51293.12
2026-06-11,SQUARE INC DEP,1761.33,53054.45
2026-06-11,SYSCO FOODS,-1615.24,51439.21
2026-06-11,GOOGLE ADS,-267.97,51171.24
2026-06-12,CLOVER SETTLEMENT,2414.07,53585.31
2026-06-12,ADP PAYROLL,-3768.89,49816.42
2026-06-15,MOBILE DEPOSIT,702.59,50519.01
2026-06-15,MOBILE DEPOSIT,702.59,51221.60
2026-06-15,NATIONAL GRID UTILITY,-1398.80,49822.80
2026-06-16,SQUARE INC DEP,2007.59,51830.39
2026-06-16,SYSCO FOODS,-1615.24,50215.15
2026-06-16,GOOGLE ADS,-267.97,49947.18
2026-06-17,DEPOSIT,2482.56,52429.74
2026-06-18,STRIPE TRANSFER ST-8228,1481.72,53911.46
2026-06-18,NAPA AUTO PARTS,-1615.24,52296.22
2026-06-18,SHELL OIL,-267.97,52028.25
2026-06-19,SQUARE INC DEP,740.80,52769.05
2026-06-19,DEPOSIT,740.80,53509.85
2026-06-19,ADP PAYROLL,-3768.89,49740.96
2026-06-22,SQUARE INC DEP,1769.81,51510.77
2026-06-22,COMCAST BUSINESS,-267.97,51242.80
2026-06-23,DEPOSIT,2106.44,53349.24
2026-06-23,NAPA AUTO PARTS,-1615.24,51734.00
2026-06-23,STAPLES,-267.97,51466.03
2026-06-24,MOBILE DEPOSIT,1925.60,53391.63
2026-06-25,STRIPE TRANSFER ST-6715,852.73,54244.36
2026-06-25,SQUARE INC DEP,852.73,55097.09
2026-06-25,ULINE,-1615.24,53481.85
2026-06-25,STAPLES,-267.97,53213.88
2026-06-26,STRIPE TRANSFER ST-9653,1130.70,54344.58
2026-06-26,CLOVER SETTLEMENT,1130.70,55475.28
2026-06-26,ADP PAYROLL,-3768.89,51706.39
2026-06-26,SHELL OIL,-267.97,51438.42
2026-06-28,ONLINE TRANSFER TO SAV 4821,-2000.00,49438.42
2026-06-29,MERCHANT BANKCARD DEP,2753.90,52192.32
2026-06-30,CLOVER SETTLEMENT,1082.30,53274.62
2026-06-30,MERCHANT BANKCARD DEP,1082.30,54356.92
2026-06-30,NAPA AUTO PARTS,-1615.24,52741.68
2026-06-30,SHELL OIL,-267.97,52473.71
2026-07-01,STRIPE TRANSFER ST-6495,2050.75,54524.46
2026-07-01,RENT - OAK STREET PROPERTIES,-4755.90,49768.56
2026-07-02,MOBILE DEPOSIT,794.89,50563.45
2026-07-02,DEPOSIT,794.89,51358.34
2026-07-02,HOME DEPOT,-1647.54,49710.80
2026-07-03,SQUARE INC DEP,1912.20,51623.00
2026-07-03,ADP PAYROLL,-3844.26,47778.74
2026-07-06,STRIPE TRANSFER ST-3144,1194.39,48973.13
2026-07-06,STRIPE TRANSFER ST-1109,1194.39,50167.52
2026-07-06,SHELL OIL,-273.33,49894.19
2026-07-07,DEPOSIT,1641.36,51535.55
2026-07-07,COSTCO WHSE,-1647.54,49888.01
2026-07-08,DEPOSIT,1871.49,51759.50
2026-07-08,GOOGLE ADS,-273.33,51486.17
2026-07-09,STRIPE TRANSFER ST-1620,1072.87,52559.04
2026-07-09,DEPOSIT,1072.87,53631.91
2026-07-09,SALLY BEAUTY,-1647.54,51984.37
2026-07-09,SHELL OIL,-273.33,51711.04
2026-07-10,MOBILE DEPOSIT,1497.21,53208.25
2026-07-10,ADP PAYROLL,-3844.26,49363.99
2026-07-13,DEPOSIT,1836.07,51200.06
2026-07-14,STRIPE TRANSFER ST-5556,2333.95,53534.01
2026-07-14,COSTCO WHSE,-1647.54,51886.47
2026-07-15,DEPOSIT,1988.98,53875.45
2026-07-15,NATIONAL GRID UTILITY,-1426.77,52448.68
2026-07-16,MERCHANT BANKCARD DEP,1175.08,53623.76
2026-07-16,CLOVER SETTLEMENT,1175.08,54798.84
2026-07-16,SALLY BEAUTY,-1647.54,53151.30
2026-07-17,MERCHANT BANKCARD DEP,2177.79,55329.09
2026-07-17,ADP PAYROLL,-3844.26,51484.83
2026-07-20,CLOVER SETTLEMENT,2041.94,53526.77
2026-07-21,CLOVER SETTLEMENT,2079.42,55606.19
2026-07-21,NAPA AUTO PARTS,-1647.54,53958.65
2026-07-22,STRIPE TRANSFER ST-9567,2312.91,56271.56
2026-07-22,SHELL OIL,-273.33,55998.23
2026-07-23,MOBILE DEPOSIT,2158.80,58157.03
2026-07-23,COSTCO WHSE,-1647.54,56509.49
2026-07-23,GOOGLE ADS,-273.33,56236.16
2026-07-24,SQUARE INC DEP,3035.06,59271.22
2026-07-24,ADP PAYROLL,-3844.26,55426.96
2026-07-24,GOOGLE ADS,-273.33,55153.63
2026-07-27,MERCHANT BANKCARD DEP,1071.78,56225.41
2026-07-27,MOBILE DEPOSIT,1071.78,57297.19
2026-07-27,SHELL OIL,-273.33,57023.86
2026-07-28,CLOVER SETTLEMENT,2439.41,59463.27
2026-07-28,HOME DEPOT,-1647.54,57815.73
2026-07-28,GOOGLE ADS,-273.33,57542.40
2026-07-28,ONLINE TRANSFER TO SAV 4821,-2000.00,55542.40
2026-07-29,SQUARE INC DEP,1196.32,56738.72
2026-07-29,MERCHANT BANKCARD DEP,1196.32,57935.04
2026-07-30,MOBILE DEPOSIT,702.94,58637.98
2026-07-30,CLOVER SETTLEMENT,702.94,59340.92
2026-07-30,ULINE,-1647.54,57693.38
2026-07-31,STRIPE TRANSFER ST-1688,806.33,58499.71
2026-07-31,STRIPE TRANSFER ST-5398,806.33,59306.04
2026-07-31,ADP PAYROLL,-3844.26,55461.78
2026-07-31,GOOGLE ADS,-273.33,55188.45
2026-08-01,RENT - OAK STREET PROPERTIES,-4849.16,50339.29
2026-08-03,SQUARE INC DEP,2089.02,52428.31
2026-08-04,SQUARE INC DEP,2151.71,54580.02
2026-08-04,ULINE,-1679.85,52900.17
2026-08-04,STAPLES,-278.69,52621.48
2026-08-05,SQUARE INC DEP,1218.24,53839.72
2026-08-05,CLOVER SETTLEMENT,1218.24,55057.96
2026-08-06,STRIPE TRANSFER ST-6101,1226.06,56284.02
2026-08-06,SQUARE INC DEP,1226.06,57510.08
2026-08-06,ULINE,-1679.85,55830.23
2026-08-07,DEPOSIT,1901.58,57731.81
2026-08-07,ADP PAYROLL,-3919.64,53812.17
2026-08-07,STAPLES,-278.69,53533.48
2026-08-10,MOBILE DEPOSIT,1078.93,54612.41
2026-08-10,MERCHANT BANKCARD DEP,1078.93,55691.34
2026-08-11,MERCHANT BANKCARD DEP,1868.70,57560.04
2026-08-11,NAPA AUTO PARTS,-1679.85,55880.19
2026-08-12,SQUARE INC DEP,983.18,56863.37
2026-08-12,MOBILE DEPOSIT,983.18,57846.55
2026-08-13,SQUARE INC DEP,1849.74,59696.29
2026-08-13,ULINE,-1679.85,58016.44
2026-08-13,COMCAST BUSINESS,-278.69,57737.75
2026-08-14,STRIPE TRANSFER ST-7938,2282.02,60019.77
2026-08-14,ADP PAYROLL,-3919.64,56100.13
2026-08-15,NATIONAL GRID UTILITY,-1454.75,54645.38
2026-08-17,SQUARE INC DEP,2300.77,56946.15
2026-08-18,STRIPE TRANSFER ST-5250,2118.49,59064.64
2026-08-18,SYSCO FOODS,-1679.85,57384.79
2026-08-19,SQUARE INC DEP,2020.90,59405.69
2026-08-20,SQUARE INC DEP,2552.71,61958.40
2026-08-20,SALLY BEAUTY,-1679.85,60278.55
2026-08-21,MERCHANT BANKCARD DEP,2320.04,62598.59
2026-08-21,ADP PAYROLL,-3919.64,58678.95
2026-08-24,MOBILE DEPOSIT,1089.03,59767.98
2026-08-24,MERCHANT BANKCARD DEP,1089.03,60857.01
2026-08-25,SQUARE INC DEP,2375.98,63232.99
2026-08-25,SALLY BEAUTY,-1679.85,61553.14
2026-08-26,STRIPE TRANSFER ST-7167,2722.13,64275.27
2026-08-27,MOBILE DEPOSIT,871.48,65146.75
2026-08-27,CLOVER SETTLEMENT,871.48,66018.23
2026-08-27,SYSCO FOODS,-1679.85,64338.38
2026-08-28,DEPOSIT,785.93,65124.31
2026-08-28,DEPOSIT,785.93,65910.24
2026-08-28,ADP PAYROLL,-3919.64,61990.60
2026-08-28,ONLINE TRANSFER TO SAV 4821,-2000.00,59990.60
2026-08-31,MOBILE DEPOSIT,1295.05,61285.65
2026-08-31,DEPOSIT,1295.05,62580.70
2026-08-31,COMCAST BUSINESS,-278.69,62302.01
2026-09-01,MOBILE DEPOSIT,2152.14,64454.15
2026-09-01,RENT - OAK STREET PROPERTIES,-4942.41,59511.74
2026-09-01,ULINE,-1712.15,57799.59
2026-09-02,MOBILE DEPOSIT,1394.11,59193.70
2026-09-02,MERCHANT BANKCARD DEP,1394.11,60587.81
2026-09-03,MERCHANT BANKCARD DEP,1284.53,61872.34
2026-09-03,STRIPE TRANSFER ST-3642,1284.53,63156.87
2026-09-03,COSTCO WHSE,-1712.15,61444.72
2026-09-04,SQUARE INC DEP,2149.69,63594.41
2026-09-04,ADP PAYROLL,-3995.02,59599.39
2026-09-04,STAPLES,-284.05,59315.34
2026-09-07,MOBILE DEPOSIT,1164.22,60479.56
2026-09-07,CLOVER SETTLEMENT,1164.22,61643.78
2026-09-07,STAPLES,-284.05,61359.73
2026-09-08,STRIPE TRANSFER ST-2300,2197.79,63557.52
2026-09-08,NAPA AUTO PARTS,-1712.15,61845.37
2026-09-09,MERCHANT BANKCARD DEP,1169.88,63015.25
2026-09-10,MOBILE DEPOSIT,2288.59,65303.84
2026-09-10,ULINE,-1712.15,63591.69
2026-09-11,MERCHANT BANKCARD DEP,1162.85,64754.54
2026-09-11,DEPOSIT,1162.85,65917.39
2026-09-11,ADP PAYROLL,-3995.02,61922.37
2026-09-11,SHELL OIL,-284.05,61638.32
2026-09-14,DEPOSIT,970.07,62608.39
2026-09-14,CLOVER SETTLEMENT,970.07,63578.46
2026-09-14,COMCAST BUSINESS,-284.05,63294.41
2026-09-15,DEPOSIT,1030.38,64324.79
2026-09-15,MERCHANT BANKCARD DEP,1030.38,65355.17
2026-09-15,NATIONAL GRID UTILITY,-1482.72,63872.45
2026-09-15,SYSCO FOODS,-1712.15,62160.30
2026-09-16,MERCHANT BANKCARD DEP,1165.27,63325.57
2026-09-16,CLOVER SETTLEMENT,1165.27,64490.84
2026-09-16,SHELL OIL,-284.05,64206.79
2026-09-17,MOBILE DEPOSIT,1265.24,65472.03
2026-09-17,MERCHANT BANKCARD DEP,1265.24,66737.27
2026-09-17,SYSCO FOODS,-1712.15,65025.12
2026-09-18,CLOVER SETTLEMENT,2256.77,67281.89
2026-09-18,ADP PAYROLL,-3995.02,63286.87
2026-09-18,SHELL OIL,-284.05,63002.82
2026-09-21,DEPOSIT,2250.25,65253.07
2026-09-21,SHELL OIL,-284.05,64969.02
2026-09-22,DEPOSIT,2208.04,67177.06
2026-09-22,COSTCO WHSE,-1712.15,65464.91
2026-09-23,MOBILE DEPOSIT,1104.40,66569.31
2026-09-23,STRIPE TRANSFER ST-4683,1104.40,67673.71
2026-09-23,GOOGLE ADS,-284.05,67389.66
2026-09-24,CLOVER SETTLEMENT,1388.02,68777.68
2026-09-24,STRIPE TRANSFER ST-1395,1388.02,70165.70
2026-09-24,NAPA AUTO PARTS,-1712.15,68453.55
2026-09-25,SQUARE INC DEP,2745.21,71198.76
2026-09-25,ADP PAYROLL,-3995.02,67203.74
2026-09-25,SHELL OIL,-284.05,66919.69
2026-09-28,CLOVER SETTLEMENT,1140.39,68060.08
2026-09-28,MOBILE DEPOSIT,1140.39,69200.47
2026-09-28,ONLINE TRANSFER TO SAV 4821,-2000.00,67200.47
2026-09-29,CLOVER SETTLEMENT,2963.76,70164.23
2026-09-29,SALLY BEAUTY,-1712.15,68452.08
2026-09-29,SHELL OIL,-284.05,68168.03
2026-09-30,MERCHANT BANKCARD DEP,1004.78,69172.81
2026-09-30,MOBILE DEPOSIT,1004.78,70177.59
2026-09-30,STAPLES,-284.05,69893.54
