Posting Date,Description,Debit,Credit,Balance
04/01/2026,MOBILE DEPOSIT,,833.69,2333.69
04/01/2026,RENT - OAK STREET PROPERTIES,1807.23,,526.46
04/02/2026,MERCHANT BANKCARD DEP,,493.57,1020.03
04/02/2026,COSTCO WHSE,688.67,,331.36
04/02/2026,SHELL OIL,114.25,,217.11
04/03/2026,SQUARE INC DEP,,393.83,610.94
04/03/2026,CLOVER SETTLEMENT,,393.83,1004.77
04/03/2026,ADP PAYROLL,1460.81,,-456.04
04/03/2026,OVERDRAFT FEE,35.00,,-491.04
04/06/2026,DEPOSIT,,497.63,6.59
04/06/2026,COMCAST BUSINESS,114.25,,-107.66
04/06/2026,INSUFFICIENT FUNDS FEE,35.00,,-142.66
04/07/2026,MERCHANT BANKCARD DEP,,1063.32,920.66
04/07/2026,HOME DEPOT,688.67,,231.99
04/07/2026,COMCAST BUSINESS,114.25,,117.74
04/08/2026,MOBILE DEPOSIT,,547.76,665.50
04/08/2026,STAPLES,114.25,,551.25
04/09/2026,STRIPE TRANSFER ST-7339,,534.29,1085.54
04/09/2026,DEPOSIT,,534.29,1619.83
04/09/2026,SALLY BEAUTY,688.67,,931.16
04/10/2026,MOBILE DEPOSIT,,762.25,1693.41
04/10/2026,ADP PAYROLL,1460.81,,232.60
04/10/2026,STAPLES,114.25,,118.35
04/13/2026,DEPOSIT,,674.39,792.74
04/13/2026,SHELL OIL,114.25,,678.49
04/14/2026,SQUARE INC DEP,,1012.24,1690.73
04/14/2026,HOME DEPOT,688.67,,1002.06
04/15/2026,MERCHANT BANKCARD DEP,,386.91,1388.97
04/15/2026,STRIPE TRANSFER ST-6723,,386.91,1775.88
04/15/2026,NATIONAL GRID UTILITY,542.17,,1233.71
04/16/2026,MERCHANT BANKCARD DEP,,418.19,1651.90
04/16/2026,MERCHANT BANKCARD DEP,,418.19,2070.09
04/16/2026,SYSCO FOODS,688.67,,1381.42
04/16/2026,STAPLES,114.25,,1267.17
04/17/2026,DEPOSIT,,978.56,2245.73
04/17/2026,ADP PAYROLL,1460.81,,784.92
04/17/2026,COMCAST BUSINESS,114.25,,670.67
04/20/2026,STRIPE TRANSFER ST-8034,,446.67,1117.34
04/20/2026,STRIPE TRANSFER ST-1878,,446.67,1564.01
04/21/2026,MOBILE DEPOSIT,,419.02,1983.03
04/21/2026,MERCHANT BANKCARD DEP,,419.02,2402.05
04/21/2026,SYSCO FOODS,688.67,,1713.38
04/22/2026,SQUARE INC DEP,,193.70,1907.08
04/22/2026,SQUARE INC DEP,,193.70,2100.78
04/23/2026,STRIPE TRANSFER ST-5139,,559.83,2660.61
04/23/2026,COSTCO WHSE,688.67,,1971.94
04/24/2026,MOBILE DEPOSIT,,723.28,2695.22
04/24/2026,ADP PAYROLL,1460.81,,1234.41
04/27/2026,MOBILE DEPOSIT,,442.07,1676.48
04/27/2026,MOBILE DEPOSIT,,442.07,2118.55
04/28/2026,DEPOSIT,,555.74,2674.29
04/28/2026,SYSCO FOODS,688.67,,1985.62
04/29/2026,MOBILE DEPOSIT,,520.74,2506.36
04/30/2026,CLOVER SETTLEMENT,,745.37,3251.73
04/30/2026,COSTCO WHSE,688.67,,2563.06
05/01/2026,CLOVER SETTLEMENT,,169.79,2732.85
05/01/2026,CLOVER SETTLEMENT,,169.79,2902.64
05/01/2026,RENT - OAK STREET PROPERTIES,1807.23,,1095.41
05/01/2026,ADP PAYROLL,1460.81,,-365.40
05/01/2026,INSUFFICIENT FUNDS FEE,35.00,,-400.40
05/04/2026,DEPOSIT,,285.13,-115.27
05/04/2026,MOBILE DEPOSIT,,285.13,169.86
05/05/2026,CLOVER SETTLEMENT,,611.45,781.31
05/05/2026,SYSCO FOODS,626.06,,155.25
05/06/2026,STRIPE TRANSFER ST-9579,,325.34,480.59
05/06/2026,STRIPE TRANSFER ST-1674,,325.34,805.93
05/06/2026,GOOGLE ADS,103.86,,702.07
05/07/2026,CLOVER SETTLEMENT,,386.93,1089.00
05/07/2026,STRIPE TRANSFER ST-8096,,386.93,1475.93
05/07/2026,COSTCO WHSE,626.06,,849.87
05/08/2026,SQUARE INC DEP,,1074.71,1924.58
05/08/2026,ADP PAYROLL,1460.81,,463.77
05/11/2026,STRIPE TRANSFER ST-2957,,564.84,1028.61
05/11/2026,COMCAST BUSINESS,103.86,,924.75
05/12/2026,SQUARE INC DEP,,336.97,1261.72
05/12/2026,MERCHANT BANKCARD DEP,,336.97,1598.69
05/12/2026,COSTCO WHSE,626.06,,972.63
05/13/2026,MOBILE DEPOSIT,,568.04,1540.67
05/14/2026,MERCHANT BANKCARD DEP,,235.69,1776.36
05/14/2026,STRIPE TRANSFER ST-3363,,235.69,2012.05
05/14/2026,NAPA AUTO PARTS,626.06,,1385.99
05/15/2026,SQUARE INC DEP,,767.82,2153.81
05/15/2026,NATIONAL GRID UTILITY,542.17,,1611.64
05/15/2026,ADP PAYROLL,1460.81,,150.83
05/18/2026,SQUARE INC DEP,,507.46,658.29
05/19/2026,MOBILE DEPOSIT,,450.30,1108.59
05/19/2026,STRIPE TRANSFER ST-3181,,450.30,1558.89
05/19/2026,NAPA AUTO PARTS,626.06,,932.83
05/20/2026,MOBILE DEPOSIT,,561.13,1493.96
05/20/2026,GOOGLE ADS,103.86,,1390.10
05/21/2026,DEPOSIT,,459.84,1849.94
05/21/2026,SQUARE INC DEP,,459.84,2309.78
05/21/2026,ULINE,626.06,,1683.72
05/21/2026,COMCAST BUSINESS,103.86,,1579.86
05/22/2026,MOBILE DEPOSIT,,320.31,1900.17
05/22/2026,STRIPE TRANSFER ST-1519,,320.31,2220.48
05/22/2026,ADP PAYROLL,1460.81,,759.67
05/25/2026,STRIPE TRANSFER ST-8398,,693.37,1453.04
05/26/2026,MERCHANT BANKCARD DEP,,362.30,1815.34
05/26/2026,CLOVER SETTLEMENT,,362.30,2177.64
05/26/2026,SALLY BEAUTY,626.06,,1551.58
05/27/2026,CLOVER SETTLEMENT,,310.87,1862.45
05/27/2026,CLOVER SETTLEMENT,,310.87,2173.32
05/28/2026,DEPOSIT,,469.09,2642.41
05/28/2026,MERCHANT BANKCARD DEP,,469.09,3111.50
05/28/2026,ULINE,626.06,,2485.44
05/29/2026,CLOVER SETTLEMENT,,833.79,3319.23
05/29/2026,ADP PAYROLL,1460.81,,1858.42
06/01/2026,MOBILE DEPOSIT,,422.54,2280.96
06/01/2026,RENT - OAK STREET PROPERTIES,1807.23,,473.73
06/02/2026,SQUARE INC DEP,,574.60,1048.33
06/02/2026,SYSCO FOODS,563.45,,484.88
06/03/2026,MERCHANT BANKCARD DEP,,492.33,977.21
06/04/2026,MOBILE DEPOSIT,,581.19,1558.40
06/04/2026,SYSCO FOODS,563.45,,994.95
06/05/2026,STRIPE TRANSFER ST-6711,,434.51,1429.46
06/05/2026,DEPOSIT,,434.51,1863.97
06/05/2026,ADP PAYROLL,1460.81,,403.16
06/08/2026,MERCHANT BANKCARD DEP,,92.61,495.77
06/08/2026,MERCHANT BANKCARD DEP,,92.61,588.38
06/08/2026,GOOGLE ADS,93.48,,494.90
06/09/2026,DEPOSIT,,676.14,1171.04
06/09/2026,SALLY BEAUTY,563.45,,607.59
06/10/2026,MOBILE DEPOSIT,,531.70,1139.29
06/10/2026,REFUND AMAZON MKTP,,45.99,1185.28
06/11/2026,SQUARE INC DEP,,230.31,1415.59
06/11/2026,DEPOSIT,,230.31,1645.90
06/11/2026,ULINE,563.45,,1082.45
06/12/2026,DEPOSIT,,587.87,1670.32
06/12/2026,ADP PAYROLL,1460.81,,209.51
06/15/2026,SQUARE INC DEP,,573.90,783.41
06/15/2026,NATIONAL GRID UTILITY,542.17,,241.24
06/15/2026,SHELL OIL,93.48,,147.76
06/16/2026,STRIPE TRANSFER ST-8096,,430.05,577.81
06/16/2026,SQUARE INC DEP,,430.05,1007.86
06/16/2026,SALLY BEAUTY,563.45,,444.41
06/16/2026,SHELL OIL,93.48,,350.93
06/17/2026,MOBILE DEPOSIT,,595.69,946.62
06/18/2026,MERCHANT BANKCARD DEP,,543.34,1489.96
06/18/2026,HOME DEPOT,563.45,,926.51
06/19/2026,SQUARE INC DEP,,327.18,1253.69
06/19/2026,ADP PAYROLL,1460.81,,-207.12
06/19/2026,INSUFFICIENT FUNDS FEE,35.00,,-242.12
06/22/2026,MOBILE DEPOSIT,,321.86,79.74
06/22/2026,STRIPE TRANSFER ST-8242,,321.86,401.60
06/22/2026,STAPLES,93.48,,308.12
06/23/2026,MOBILE DEPOSIT,,566.63,874.75
06/23/2026,COSTCO WHSE,563.45,,311.30
06/24/2026,SQUARE INC DEP,,397.67,708.97
06/24/2026,DEPOSIT,,397.67,1106.64
06/24/2026,GOOGLE ADS,93.48,,1013.16
06/25/2026,DEPOSIT,,504.07,1517.23
06/25/2026,NAPA AUTO PARTS,563.45,,953.78
06/26/2026,MOBILE DEPOSIT,,768.78,1722.56
06/26/2026,ADP PAYROLL,1460.81,,261.75
06/26/2026,COMCAST BUSINESS,93.48,,168.27
06/29/2026,CLOVER SETTLEMENT,,730.54,898.81
06/30/2026,SQUARE INC DEP,,831.90,1730.71
06/30/2026,SALLY BEAUTY,563.45,,1167.26
06/30/2026,STAPLES,93.48,,1073.78
07/01/2026,STRIPE TRANSFER ST-6733,,237.18,1310.96
07/01/2026,CLOVER SETTLEMENT,,237.18,1548.14
07/01/2026,RENT - OAK STREET PROPERTIES,1807.23,,-259.09
07/01/2026,NSF RETURNED ITEM FEE,35.00,,-294.09
07/01/2026,GOOGLE ADS,83.09,,-377.18
07/01/2026,INSUFFICIENT FUNDS FEE,35.00,,-412.18
07/02/2026,MERCHANT BANKCARD DEP,,253.48,-158.70
07/02/2026,SALLY BEAUTY,500.85,,-659.55
07/02/2026,NSF RETURNED ITEM FEE,35.00,,-694.55
07/03/2026,MOBILE DEPOSIT,,175.86,-518.69
07/03/2026,ADP PAYROLL,1460.81,,-1979.50
07/03/2026,INSUFFICIENT FUNDS FEE,35.00,,-2014.50
07/06/2026,STRIPE TRANSFER ST-4874,,244.86,-1769.64
07/06/2026,MERCHANT BANKCARD DEP,,244.86,-1524.78
07/07/2026,CLOVER SETTLEMENT,,524.88,-999.90
07/07/2026,NAPA AUTO PARTS,500.85,,-1500.75
07/07/2026,NSF RETURNED ITEM FEE,35.00,,-1535.75
07/08/2026,CLOVER SETTLEMENT,,485.07,-1050.68
07/08/2026,MOBILE DEPOSIT,,485.07,-565.61
07/08/2026,SHELL OIL,83.09,,-648.70
07/08/2026,INSUFFICIENT FUNDS FEE,35.00,,-683.70
07/09/2026,MOBILE DEPOSIT,,706.38,22.68
07/09/2026,NAPA AUTO PARTS,500.85,,-478.17
07/09/2026,NSF RETURNED ITEM FEE,35.00,,-513.17
07/10/2026,STRIPE TRANSFER ST-2791,,673.51,160.34
07/10/2026,ADP PAYROLL,1460.81,,-1300.47
07/10/2026,INSUFFICIENT FUNDS FEE,35.00,,-1335.47
07/13/2026,CLOVER SETTLEMENT,,993.01,-342.46
07/14/2026,STRIPE TRANSFER ST-9436,,322.81,-19.65
07/14/2026,SQUARE INC DEP,,322.81,303.16
07/14/2026,NAPA AUTO PARTS,500.85,,-197.69
07/14/2026,OVERDRAFT FEE,35.00,,-232.69
07/14/2026,COMCAST BUSINESS,83.09,,-315.78
07/14/2026,NSF RETURNED ITEM FEE,35.00,,-350.78
07/15/2026,STRIPE TRANSFER ST-5078,,290.93,-59.85
07/15/2026,STRIPE TRANSFER ST-1249,,290.93,231.08
07/15/2026,NATIONAL GRID UTILITY,542.17,,-311.09
07/15/2026,NSF RETURNED ITEM FEE,35.00,,-346.09
07/15/2026,GOOGLE ADS,83.09,,-429.18
07/15/2026,OVERDRAFT FEE,35.00,,-464.18
07/16/2026,STRIPE TRANSFER ST-2857,,280.82,-183.36
07/16/2026,SQUARE INC DEP,,280.82,97.46
07/16/2026,COSTCO WHSE,500.85,,-403.39
07/16/2026,INSUFFICIENT FUNDS FEE,35.00,,-438.39
07/17/2026,STRIPE TRANSFER ST-2435,,480.24,41.85
07/17/2026,ADP PAYROLL,1460.81,,-1418.96
07/17/2026,INSUFFICIENT FUNDS FEE,35.00,,-1453.96
07/20/2026,CLOVER SETTLEMENT,,163.95,-1290.01
07/20/2026,STRIPE TRANSFER ST-3492,,163.95,-1126.06
07/21/2026,DEPOSIT,,237.84,-888.22
07/21/2026,CLOVER SETTLEMENT,,237.84,-650.38
07/21/2026,SYSCO FOODS,500.85,,-1151.23
07/21/2026,INSUFFICIENT FUNDS FEE,35.00,,-1186.23
07/22/2026,SQUARE INC DEP,,162.38,-1023.85
07/22/2026,STRIPE TRANSFER ST-1912,,162.38,-861.47
07/23/2026,SQUARE INC DEP,,305.35,-556.12
07/23/2026,SQUARE INC DEP,,305.35,-250.77
07/23/2026,NAPA AUTO PARTS,500.85,,-751.62
07/23/2026,INSUFFICIENT FUNDS FEE,35.00,,-786.62
07/23/2026,COMCAST BUSINESS,83.09,,-869.71
07/23/2026,NSF RETURNED ITEM FEE,35.00,,-904.71
07/24/2026,SQUARE INC DEP,,308.44,-596.27
07/24/2026,STRIPE TRANSFER ST-4258,,308.44,-287.83
07/24/2026,ADP PAYROLL,1460.81,,-1748.64
07/24/2026,INSUFFICIENT FUNDS FEE,35.00,,-1783.64
07/27/2026,CLOVER SETTLEMENT,,380.61,-1403.03
07/27/2026,MOBILE DEPOSIT,,380.61,-1022.42
07/27/2026,SHELL OIL,83.09,,-1105.51
07/27/2026,OVERDRAFT FEE,35.00,,-1140.51
07/28/2026,SQUARE INC DEP,,794.04,-346.47
07/28/2026,SYSCO FOODS,500.85,,-847.32
07/28/2026,NSF RETURNED ITEM FEE,35.00,,-882.32
07/28/2026,STAPLES,83.09,,-965.41
07/28/2026,OVERDRAFT FEE,35.00,,-1000.41
07/29/2026,MOBILE DEPOSIT,,589.87,-410.54
07/30/2026,DEPOSIT,,780.16,369.62
07/30/2026,HOME DEPOT,500.85,,-131.23
07/30/2026,INSUFFICIENT FUNDS FEE,35.00,,-166.23
07/31/2026,DEPOSIT,,243.98,77.75
07/31/2026,DEPOSIT,,243.98,321.73
07/31/2026,ADP PAYROLL,1460.81,,-1139.08
07/31/2026,INSUFFICIENT FUNDS FEE,35.00,,-1174.08
07/31/2026,STAPLES,83.09,,-1257.17
07/31/2026,OVERDRAFT FEE,35.00,,-1292.17
08/01/2026,RENT - OAK STREET PROPERTIES,1807.23,,-3099.40
08/01/2026,NSF RETURNED ITEM FEE,35.00,,-3134.40
08/03/2026,CLOVER SETTLEMENT,,225.63,-2908.77
08/03/2026,SQUARE INC DEP,,225.63,-2683.14
08/03/2026,SHELL OIL,74.78,,-2757.92
08/03/2026,NSF RETURNED ITEM FEE,35.00,,-2792.92
08/04/2026,STRIPE TRANSFER ST-3207,,345.78,-2447.14
08/04/2026,CLOVER SETTLEMENT,,345.78,-2101.36
08/04/2026,SYSCO FOODS,450.76,,-2552.12
08/04/2026,OVERDRAFT FEE,35.00,,-2587.12
08/05/2026,SQUARE INC DEP,,408.52,-2178.60
08/05/2026,CLOVER SETTLEMENT,,408.52,-1770.08
08/05/2026,GOOGLE ADS,74.78,,-1844.86
08/05/2026,NSF RETURNED ITEM FEE,35.00,,-1879.86
08/06/2026,SQUARE INC DEP,,756.64,-1123.22
08/06/2026,SALLY BEAUTY,450.76,,-1573.98
08/06/2026,INSUFFICIENT FUNDS FEE,35.00,,-1608.98
08/07/2026,SQUARE INC DEP,,804.59,-804.39
08/07/2026,ADP PAYROLL,1460.81,,-2265.20
08/07/2026,NSF RETURNED ITEM FEE,35.00,,-2300.20
08/07/2026,SHELL OIL,74.78,,-2374.98
08/07/2026,OVERDRAFT FEE,35.00,,-2409.98
08/10/2026,DEPOSIT,,207.60,-2202.38
08/10/2026,MERCHANT BANKCARD DEP,,207.60,-1994.78
08/11/2026,CLOVER SETTLEMENT,,214.08,-1780.70
08/11/2026,DEPOSIT,,214.08,-1566.62
08/11/2026,NAPA AUTO PARTS,450.76,,-2017.38
08/11/2026,NSF RETURNED ITEM FEE,35.00,,-2052.38
08/12/2026,STRIPE TRANSFER ST-5402,,129.37,-1923.01
08/12/2026,MOBILE DEPOSIT,,129.37,-1793.64
08/12/2026,STAPLES,74.78,,-1868.42
08/12/2026,OVERDRAFT FEE,35.00,,-1903.42
08/13/2026,MOBILE DEPOSIT,,369.79,-1533.63
08/13/2026,MOBILE DEPOSIT,,369.79,-1163.84
08/13/2026,NAPA AUTO PARTS,450.76,,-1614.60
08/13/2026,OVERDRAFT FEE,35.00,,-1649.60
08/13/2026,STAPLES,74.78,,-1724.38
08/13/2026,NSF RETURNED ITEM FEE,35.00,,-1759.38
08/14/2026,MERCHANT BANKCARD DEP,,614.06,-1145.32
08/14/2026,ADP PAYROLL,1460.81,,-2606.13
08/14/2026,INSUFFICIENT FUNDS FEE,35.00,,-2641.13
08/15/2026,NATIONAL GRID UTILITY,542.17,,-3183.30
08/15/2026,INSUFFICIENT FUNDS FEE,35.00,,-3218.30
08/17/2026,SQUARE INC DEP,,456.34,-2761.96
08/17/2026,COMCAST BUSINESS,74.78,,-2836.74
08/17/2026,NSF RETURNED ITEM FEE,35.00,,-2871.74
08/18/2026,DEPOSIT,,225.42,-2646.32
08/18/2026,DEPOSIT,,225.42,-2420.90
08/18/2026,NAPA AUTO PARTS,450.76,,-2871.66
08/18/2026,OVERDRAFT FEE,35.00,,-2906.66
08/19/2026,SQUARE INC DEP,,233.05,-2673.61
08/19/2026,DEPOSIT,,233.05,-2440.56
08/20/2026,SQUARE INC DEP,,696.08,-1744.48
08/20/2026,COSTCO WHSE,450.76,,-2195.24
08/20/2026,INSUFFICIENT FUNDS FEE,35.00,,-2230.24
08/21/2026,STRIPE TRANSFER ST-3867,,203.64,-2026.60
08/21/2026,SQUARE INC DEP,,203.64,-1822.96
08/21/2026,ADP PAYROLL,1460.81,,-3283.77
08/21/2026,INSUFFICIENT FUNDS FEE,35.00,,-3318.77
08/21/2026,COMCAST BUSINESS,74.78,,-3393.55
08/21/2026,OVERDRAFT FEE,35.00,,-3428.55
08/24/2026,MERCHANT BANKCARD DEP,,259.01,-3169.54
08/24/2026,SQUARE INC DEP,,259.01,-2910.53
08/25/2026,SQUARE INC DEP,,531.25,-2379.28
08/25/2026,COSTCO WHSE,450.76,,-2830.04
08/25/2026,NSF RETURNED ITEM FEE,35.00,,-2865.04
08/26/2026,SQUARE INC DEP,,300.02,-2565.02
08/27/2026,CLOVER SETTLEMENT,,356.49,-2208.53
08/27/2026,HOME DEPOT,450.76,,-2659.29
08/27/2026,NSF RETURNED ITEM FEE,35.00,,-2694.29
08/28/2026,MOBILE DEPOSIT,,146.67,-2547.62
08/28/2026,ADP PAYROLL,1460.81,,-4008.43
08/28/2026,NSF RETURNED ITEM FEE,35.00,,-4043.43
08/28/2026,SHELL OIL,74.78,,-4118.21
08/28/2026,NSF RETURNED ITEM FEE,35.00,,-4153.21
08/31/2026,MOBILE DEPOSIT,,248.97,-3904.24
08/31/2026,STRIPE TRANSFER ST-4368,,248.97,-3655.27
09/01/2026,MERCHANT BANKCARD DEP,,229.24,-3426.03
09/01/2026,CLOVER SETTLEMENT,,229.24,-3196.79
09/01/2026,RENT - OAK STREET PROPERTIES,1807.23,,-5004.02
09/01/2026,INSUFFICIENT FUNDS FEE,35.00,,-5039.02
09/01/2026,SYSCO FOODS,406.94,,-5445.96
09/01/2026,NSF RETURNED ITEM FEE,35.00,,-5480.96
09/01/2026,GOOGLE ADS,67.51,,-5548.47
09/01/2026,INSUFFICIENT FUNDS FEE,35.00,,-5583.47
09/02/2026,SQUARE INC DEP,,505.01,-5078.46
09/03/2026,MERCHANT BANKCARD DEP,,559.54,-4518.92
09/03/2026,NAPA AUTO PARTS,406.94,,-4925.86
09/03/2026,OVERDRAFT FEE,35.00,,-4960.86
09/04/2026,CLOVER SETTLEMENT,,357.84,-4603.02
09/04/2026,SQUARE INC DEP,,357.84,-4245.18
09/04/2026,ADP PAYROLL,1460.81,,-5705.99
09/04/2026,NSF RETURNED ITEM FEE,35.00,,-5740.99
09/07/2026,MOBILE DEPOSIT,,452.09,-5288.90
09/07/2026,STAPLES,67.51,,-5356.41
09/07/2026,INSUFFICIENT FUNDS FEE,35.00,,-5391.41
09/08/2026,MOBILE DEPOSIT,,211.32,-5180.09
09/08/2026,DEPOSIT,,211.32,-4968.77
09/08/2026,SYSCO FOODS,406.94,,-5375.71
09/08/2026,NSF RETURNED ITEM FEE,35.00,,-5410.71
09/09/2026,CLOVER SETTLEMENT,,215.04,-5195.67
09/09/2026,CLOVER SETTLEMENT,,215.04,-4980.63
09/10/2026,DEPOSIT,,159.48,-4821.15
09/10/2026,STRIPE TRANSFER ST-7826,,159.48,-4661.67
09/10/2026,NAPA AUTO PARTS,406.94,,-5068.61
09/10/2026,OVERDRAFT FEE,35.00,,-5103.61
09/10/2026,STAPLES,67.51,,-5171.12
09/10/2026,OVERDRAFT FEE,35.00,,-5206.12
09/11/2026,STRIPE TRANSFER ST-2021,,539.36,-4666.76
09/11/2026,ADP PAYROLL,1460.81,,-6127.57
09/11/2026,INSUFFICIENT FUNDS FEE,35.00,,-6162.57
09/14/2026,DEPOSIT,,185.84,-5976.73
09/15/2026,CLOVER SETTLEMENT,,541.91,-5434.82
09/15/2026,NATIONAL GRID UTILITY,542.17,,-5976.99
09/15/2026,NSF RETURNED ITEM FEE,35.00,,-6011.99
09/15/2026,HOME DEPOT,406.94,,-6418.93
09/15/2026,OVERDRAFT FEE,35.00,,-6453.93
09/15/2026,GOOGLE ADS,67.51,,-6521.44
09/15/2026,OVERDRAFT FEE,35.00,,-6556.44
09/16/2026,MERCHANT BANKCARD DEP,,249.08,-6307.36
09/16/2026,STRIPE TRANSFER ST-5043,,249.08,-6058.28
09/17/2026,CLOVER SETTLEMENT,,237.88,-5820.40
09/17/2026,STRIPE TRANSFER ST-5792,,237.88,-5582.52
09/17/2026,SALLY BEAUTY,406.94,,-5989.46
09/17/2026,INSUFFICIENT FUNDS FEE,35.00,,-6024.46
09/18/2026,SQUARE INC DEP,,194.26,-5830.20
09/18/2026,MERCHANT BANKCARD DEP,,194.26,-5635.94
09/18/2026,ADP PAYROLL,1460.81,,-7096.75
09/18/2026,INSUFFICIENT FUNDS FEE,35.00,,-7131.75
09/21/2026,MERCHANT BANKCARD DEP,,450.86,-6680.89
09/21/2026,STAPLES,67.51,,-6748.40
09/21/2026,OVERDRAFT FEE,35.00,,-6783.40
09/22/2026,MERCHANT BANKCARD DEP,,507.63,-6275.77
09/22/2026,COSTCO WHSE,406.94,,-6682.71
09/22/2026,INSUFFICIENT FUNDS FEE,35.00,,-6717.71
09/23/2026,MERCHANT BANKCARD DEP,,175.37,-6542.34
09/23/2026,MERCHANT BANKCARD DEP,,175.37,-6366.97
09/23/2026,GOOGLE ADS,67.51,,-6434.48
09/23/2026,OVERDRAFT FEE,35.00,,-6469.48
09/24/2026,MERCHANT BANKCARD DEP,,292.34,-6177.14
09/24/2026,SYSCO FOODS,406.94,,-6584.08
09/24/2026,NSF RETURNED ITEM FEE,35.00,,-6619.08
09/25/2026,CLOVER SETTLEMENT,,150.66,-6468.42
09/25/2026,CLOVER SETTLEMENT,,150.66,-6317.76
09/25/2026,ADP PAYROLL,1460.81,,-7778.57
09/25/2026,OVERDRAFT FEE,35.00,,-7813.57
09/28/2026,SQUARE INC DEP,,400.35,-7413.22
09/28/2026,STAPLES,67.51,,-7480.73
09/28/2026,NSF RETURNED ITEM FEE,35.00,,-7515.73
09/29/2026,STRIPE TRANSFER ST-7765,,506.39,-7009.34
09/29/2026,HOME DEPOT,406.94,,-7416.28
09/29/2026,INSUFFICIENT FUNDS FEE,35.00,,-7451.28
09/30/2026,STRIPE TRANSFER ST-8048,,177.45,-7273.83
09/30/2026,SQUARE INC DEP,,177.45,-7096.38
09/30/2026,COMCAST BUSINESS,67.51,,-7163.89
09/30/2026,NSF RETURNED ITEM FEE,35.00,,-7198.89
